candidate_id,image_path,image_file_name,dataset_source,selection_band,selection_state,aesthetic_signal,nima_unit_score,rgnet_score,alamp_score,weighted_aesthetic_score,balanced_comparison_score,primary_rank,primary_rank_percentile,source_split,ava_mean_score,aadb_score,teacher_source_mode,teacher_model_name,gemini_raw_text,gemini_parse_error,gemini_api_error,comment_type,short_reason,detailed_reason,comparison_reason,generation_validation_flags,is_valid_pre_audit,batch_result_key,gemini_finish_reason,gemini_usage_metadata,visible_anchor_count,generic_phrase_count,specificity_pass,audit_flags,is_clean
gemini__20__0__aadb__middle_near_miss__farm1_310_20062504052_b162f70dec_b.jpg__3df08b2e95,/home/omen_pc1/photo_score_project/data/raw/aadb/images/farm1_310_20062504052_b162f70dec_b.jpg,farm1_310_20062504052_b162f70dec_b.jpg,aadb,middle_near_miss,near_miss,medium,0.520096,0.507841,0.491409,0.50085,0.503106,1427,0.47533333333333333,train,,0.3,gemini_batch_api,gemini-2.5-pro,"{
  ""comment_type"": ""near_miss_feedback"",
  ""short_reason"": ""The image captures the intricate details of the championship belt, but the reflection on the metallic surface of the belt is distracting."",
  ""detailed_reason"": ""The image effectively highlights the 'EUROPEAN HEAVYWEIGHT CHAMPION' text and the detailed map of Europe on the belt's main plate. However, the bright, greenish reflection on the metallic surface, particularly on the map of Europe and the 'CHAMPION' text, detracts from the overall clarity and visual appeal. To improve, consider adjusting the lighting or shooting angle to minimize these distracting reflections."",
  ""comparison_reason"": null
}",,,near_miss_feedback,"The image captures the intricate details of the championship belt, but the reflection on the metallic surface of the belt is distracting.","The image effectively highlights the 'EUROPEAN HEAVYWEIGHT CHAMPION' text and the detailed map of Europe on the belt's main plate. However, the bright, greenish reflection on the metallic surface, particularly on the map of Europe and the 'CHAMPION' text, detracts from the overall clarity and visual appeal. To improve, consider adjusting the lighting or shooting angle to minimize these distracting reflections.",,{},True,gemini__20__0__aadb__middle_near_miss__farm1_310_20062504052_b162f70dec_b.jpg__3df08b2e95,STOP,"{'totalTokenCount': 836, 'promptTokenCount': 688, 'promptTokensDetails': [{'tokenCount': 430, 'modality': 'TEXT'}, {'tokenCount': 258, 'modality': 'IMAGE'}], 'candidatesTokenCount': 148}",3,0,True,['near_miss_missing_positive_aspect'],False
gemini__20__2__ava__rejected_low__108286.jpg__aa0bcc309a,/home/omen_pc1/ava/images/108286.jpg,108286.jpg,ava,rejected_low,not_selected,weak,0.457265,0.554419,0.372973,0.453981,0.467268,2153,0.7173333333333334,train,4.177936,,gemini_batch_api,gemini-2.5-pro,"{
  ""comment_type"": ""rejection_reason"",
  ""short_reason"": ""The image is poorly lit, making the alligator toy and bread appear dull and lacking detail."",
  ""detailed_reason"": ""The lighting in the image is dim, which causes the green alligator toy and the brown bread slices to lack vibrancy and definition. The overall scene appears underexposed, particularly noticeable on the top slice of bread and the counter surface, which diminishes the visual appeal of the subject."",
  ""comparison_reason"": null
}",,,rejection_reason,"The image is poorly lit, making the alligator toy and bread appear dull and lacking detail.","The lighting in the image is dim, which causes the green alligator toy and the brown bread slices to lack vibrancy and definition. The overall scene appears underexposed, particularly noticeable on the top slice of bread and the counter surface, which diminishes the visual appeal of the subject.",,{},True,gemini__20__2__ava__rejected_low__108286.jpg__aa0bcc309a,STOP,"{'totalTokenCount': 789, 'promptTokenCount': 676, 'promptTokensDetails': [{'tokenCount': 418, 'modality': 'TEXT'}, {'modality': 'IMAGE', 'tokenCount': 258}], 'candidatesTokenCount': 113}",0,0,False,['generic_only_wording'],False
gemini__20__4__ava__middle_near_miss__318129.jpg__33b4849e1b,/home/omen_pc1/ava/images/318129.jpg,318129.jpg,ava,middle_near_miss,near_miss,medium,0.502974,0.524081,0.432986,0.476423,0.484477,1781,0.5933333333333334,train,4.353175,,gemini_batch_api,gemini-2.5-pro,"{
  ""comment_type"": ""near_miss_feedback"",
  ""short_reason"": ""The image captures the intricate chrome details of the motorcycle, but the dark, underexposed areas on the right side of the frame detract from the overall clarity."",
  ""detailed_reason"": ""The close-up shot effectively highlights the highly reflective chrome surfaces of the motorcycle's fender and wheel, showcasing the custom design. However, the right side of the image is significantly underexposed, with dark shadows obscuring parts of the motorcycle's engine and the background, making it difficult to discern details. Improving the lighting or adjusting the exposure to brighten these darker areas would enhance the visual appeal and reveal more of the motorcycle's features."",
  ""comparison_reason"": null
}",,,near_miss_feedback,"The image captures the intricate chrome details of the motorcycle, but the dark, underexposed areas on the right side of the frame detract from the overall clarity.","The close-up shot effectively highlights the highly reflective chrome surfaces of the motorcycle's fender and wheel, showcasing the custom design. However, the right side of the image is significantly underexposed, with dark shadows obscuring parts of the motorcycle's engine and the background, making it difficult to discern details. Improving the lighting or adjusting the exposure to brighten these darker areas would enhance the visual appeal and reveal more of the motorcycle's features.",,{},True,gemini__20__4__ava__middle_near_miss__318129.jpg__33b4849e1b,STOP,"{'candidatesTokenCount': 163, 'promptTokensDetails': [{'modality': 'TEXT', 'tokenCount': 430}, {'tokenCount': 258, 'modality': 'IMAGE'}], 'promptTokenCount': 688, 'totalTokenCount': 851}",5,0,True,['near_miss_missing_positive_aspect'],False
gemini__20__10__ava__rejected_low__940519.jpg__2478f43954,/home/omen_pc1/ava/images/940519.jpg,940519.jpg,ava,rejected_low,not_selected,weak,0.525556,0.422755,0.401966,0.422641,0.42986,2529,0.8426666666666667,train,5.496815,,gemini_batch_api,gemini-2.5-pro,"{
  ""comment_type"": ""rejection_reason"",
  ""short_reason"": ""The image lacks a clear focal point and the composition is unengaging, with the small plant in the crack not providing enough visual interest."",
  ""detailed_reason"": ""The small green plant emerging from the crack in the concrete is not prominent enough to serve as a strong subject. The overall composition feels flat and uninspired, with the plant positioned centrally but not commanding attention. The texture of the concrete, while visible, does not add significant visual appeal to compensate for the weak subject."",
  ""comparison_reason"": null
}",,,rejection_reason,"The image lacks a clear focal point and the composition is unengaging, with the small plant in the crack not providing enough visual interest.","The small green plant emerging from the crack in the concrete is not prominent enough to serve as a strong subject. The overall composition feels flat and uninspired, with the plant positioned centrally but not commanding attention. The texture of the concrete, while visible, does not add significant visual appeal to compensate for the weak subject.",,{},True,gemini__20__10__ava__rejected_low__940519.jpg__2478f43954,STOP,"{'promptTokensDetails': [{'modality': 'TEXT', 'tokenCount': 418}, {'modality': 'IMAGE', 'tokenCount': 258}], 'candidatesTokenCount': 131, 'totalTokenCount': 807, 'promptTokenCount': 676}",0,1,False,['generic_only_wording'],False
gemini__20__11__aadb__middle_near_miss__farm1_358_19972029900_bc1aee715d_b.jpg__dee593d7cd,/home/omen_pc1/photo_score_project/data/raw/aadb/images/farm1_358_19972029900_bc1aee715d_b.jpg,farm1_358_19972029900_bc1aee715d_b.jpg,aadb,middle_near_miss,near_miss,medium,0.497457,0.407313,0.488277,0.456809,0.45322,2098,0.699,train,,0.4,gemini_batch_api,gemini-2.5-pro,"{
  ""comment_type"": ""near_miss_feedback"",
  ""short_reason"": ""The image captures a detailed Lego display with various castle and battle scenes, but the overall composition is slightly off-center, cutting off some elements on the right."",
  ""detailed_reason"": ""The image successfully showcases the intricate Lego builds, such as the gray castle walls and the red siege engine, highlighting the effort put into the display. However, the framing is slightly askew, with the right edge of the image cutting off part of the blue water scene and the brown table cloth, making the composition feel unbalanced. To improve, consider adjusting the camera angle to center the entire display and ensure all elements are fully visible within the frame."",
  ""comparison_reason"": null
}",,,near_miss_feedback,"The image captures a detailed Lego display with various castle and battle scenes, but the overall composition is slightly off-center, cutting off some elements on the right.","The image successfully showcases the intricate Lego builds, such as the gray castle walls and the red siege engine, highlighting the effort put into the display. However, the framing is slightly askew, with the right edge of the image cutting off part of the blue water scene and the brown table cloth, making the composition feel unbalanced. To improve, consider adjusting the camera angle to center the entire display and ensure all elements are fully visible within the frame.",,{},True,gemini__20__11__aadb__middle_near_miss__farm1_358_19972029900_bc1aee715d_b.jpg__dee593d7cd,STOP,"{'promptTokensDetails': [{'modality': 'TEXT', 'tokenCount': 430}, {'modality': 'IMAGE', 'tokenCount': 258}], 'candidatesTokenCount': 162, 'totalTokenCount': 850, 'promptTokenCount': 688}",6,0,True,['near_miss_missing_positive_aspect'],False
gemini__20__14__ava__rejected_low__9593.jpg__d6f43a7838,/home/omen_pc1/ava/images/9593.jpg,9593.jpg,ava,rejected_low,not_selected,weak,0.519362,0.476198,0.32279,0.40381,0.421309,2701,0.9,train,5.154255,,gemini_batch_api,gemini-2.5-pro,"{
  ""comment_type"": ""rejection_reason"",
  ""short_reason"": ""The image is out of focus, making the finger and the reflective surface appear blurry."",
  ""detailed_reason"": ""The primary subject, a finger, is significantly out of focus, lacking sharp detail in its skin texture. The reflective surface below the finger, which appears to show a partial Apple logo, is also blurry and indistinct. The overall lack of sharpness across the visible elements detracts from the image's clarity."",
  ""comparison_reason"": null
}",,,rejection_reason,"The image is out of focus, making the finger and the reflective surface appear blurry.","The primary subject, a finger, is significantly out of focus, lacking sharp detail in its skin texture. The reflective surface below the finger, which appears to show a partial Apple logo, is also blurry and indistinct. The overall lack of sharpness across the visible elements detracts from the image's clarity.",,{},True,gemini__20__14__ava__rejected_low__9593.jpg__d6f43a7838,STOP,"{'totalTokenCount': 794, 'promptTokenCount': 676, 'promptTokensDetails': [{'modality': 'TEXT', 'tokenCount': 418}, {'modality': 'IMAGE', 'tokenCount': 258}], 'candidatesTokenCount': 118}",1,0,False,['generic_only_wording'],False
gemini__20__15__ava__middle_near_miss__595105.jpg__c5600097bd,/home/omen_pc1/ava/images/595105.jpg,595105.jpg,ava,middle_near_miss,near_miss,medium,0.495113,0.473844,0.474267,0.476182,0.477204,1787,0.5953333333333334,test,5.782609,,gemini_batch_api,gemini-2.5-pro,"{
  ""comment_type"": ""near_miss_feedback"",
  ""short_reason"": ""The image captures the bird in flight with good detail on its head and body, but the wings show motion blur."",
  ""detailed_reason"": ""The kea parrot is well-centered and sharply focused on its head and body, highlighting the intricate feather patterns and the distinct yellow beak. However, the motion blur on the wings detracts from the overall sharpness of the bird in action. A faster shutter speed would have frozen the wing movement, enhancing the clarity of the entire subject."",
  ""comparison_reason"": null
}",,,near_miss_feedback,"The image captures the bird in flight with good detail on its head and body, but the wings show motion blur.","The kea parrot is well-centered and sharply focused on its head and body, highlighting the intricate feather patterns and the distinct yellow beak. However, the motion blur on the wings detracts from the overall sharpness of the bird in action. A faster shutter speed would have frozen the wing movement, enhancing the clarity of the entire subject.",,{},True,gemini__20__15__ava__middle_near_miss__595105.jpg__c5600097bd,STOP,"{'candidatesTokenCount': 131, 'promptTokensDetails': [{'tokenCount': 430, 'modality': 'TEXT'}, {'modality': 'IMAGE', 'tokenCount': 258}], 'promptTokenCount': 688, 'totalTokenCount': 819}",1,0,False,['generic_only_wording'],False
