candidate_id,image_path,image_file_name,dataset_source,selection_band,selection_state,aesthetic_signal,nima_unit_score,rgnet_score,alamp_score,weighted_aesthetic_score,balanced_comparison_score,primary_rank,primary_rank_percentile,source_split,ava_mean_score,aadb_score,teacher_source_mode,teacher_model_name,gemini_raw_text,gemini_parse_error,gemini_api_error,gemini_strength,gemini_weakness,gemini_verdict,teacher_comment_3line,visible_evidence_hits,generation_validation_flags,is_valid_pre_audit,audit_flags,is_clean
gemini__300__5__ava__middle_near_miss__539160.jpg__81a2b19c77,/home/omen_pc1/ava/images/539160.jpg,539160.jpg,ava,middle_near_miss,near_miss,medium,0.543575,0.418385,0.479016,0.46122,0.461416,2041,0.68,train,5.737288,,gemini_api,gemini-2.5-pro,"{
  ""strength"": ""The image has a strong, painterly atmosphere, using fog and soft light to create a serene and mysterious mood."",
  ""weakness"": ""The composition includes an excessive amount of empty white space in the top half of the frame, which diminishes the visual impact of the trees and rocks below."",
  ""verdict"": ""not selected because the composition feels unbalanced due to the large, empty area of sky/fog at the top, which overpowers the subject.""
}",,,"The image has a strong, painterly atmosphere, using fog and soft light to create a serene and mysterious mood.","The composition includes an excessive amount of empty white space in the top half of the frame, which diminishes the visual impact of the trees and rocks below.","not selected because the composition feels unbalanced due to the large, empty area of sky/fog at the top, which overpowers the subject.","Strength: The image has a strong, painterly atmosphere, using fog and soft light to create a serene and mysterious mood.
Weakness: The composition includes an excessive amount of empty white space in the top half of the frame, which diminishes the visual impact of the trees and rocks below.
Verdict: not selected because the composition feels unbalanced due to the large, empty area of sky/fog at the top, which overpowers the subject.","['composition', 'light', 'mood', 'soft', 'subject']",{},True,[],True
gemini__300__6__aadb__selected_high__farm1_380_19934404360_a4d467f09f_b.jpg__fca017beae,/home/omen_pc1/photo_score_project/data/raw/aadb/images/farm1_380_19934404360_a4d467f09f_b.jpg,farm1_380_19934404360_a4d467f09f_b.jpg,aadb,selected_high,selected,strong,0.530802,0.68092,0.585355,0.618126,0.620176,285,0.09466666666666666,train,,0.75,gemini_api,gemini-2.5-pro,"{
  ""strength"": ""The subjects are perfectly in focus and evenly lit, highlighting the vibrant colors and soft textures of the plush toys."",
  ""weakness"": ""The plain, neutral background, while effective for subject isolation, is somewhat sterile and lacks any environmental context."",
  ""verdict"": ""selected because the image is a high-quality product shot with excellent clarity, vibrant colors, and a clean composition that makes the subjects appealing.""
}",,,"The subjects are perfectly in focus and evenly lit, highlighting the vibrant colors and soft textures of the plush toys.","The plain, neutral background, while effective for subject isolation, is somewhat sterile and lacks any environmental context.","selected because the image is a high-quality product shot with excellent clarity, vibrant colors, and a clean composition that makes the subjects appealing.","Strength: The subjects are perfectly in focus and evenly lit, highlighting the vibrant colors and soft textures of the plush toys.
Weakness: The plain, neutral background, while effective for subject isolation, is somewhat sterile and lacks any environmental context.
Verdict: selected because the image is a high-quality product shot with excellent clarity, vibrant colors, and a clean composition that makes the subjects appealing.","['background', 'color', 'composition', 'soft', 'subject', 'texture']",{},True,[],True
gemini__300__7__aadb__middle_near_miss__farm1_531_19655558454_08c02c01ef_b.jpg__1a5b3d70d3,/home/omen_pc1/photo_score_project/data/raw/aadb/images/farm1_531_19655558454_08c02c01ef_b.jpg,farm1_531_19655558454_08c02c01ef_b.jpg,aadb,middle_near_miss,near_miss,medium,0.510713,0.530922,0.425792,0.476336,0.485839,1783,0.594,train,,0.35,gemini_api,gemini-2.5-pro,"{
  ""strength"": ""The subject is well-lit with a pleasant, engaging expression, and she is clearly the focal point of the image."",
  ""weakness"": ""The background is distracting, split between a dark wood-paneled wall and a light-colored textured wall, which pulls attention from the subject."",
  ""verdict"": ""not selected because the distracting, split background and flat lighting are characteristic of a standard event photograph rather than a high-quality portrait.""
}",,,"The subject is well-lit with a pleasant, engaging expression, and she is clearly the focal point of the image.","The background is distracting, split between a dark wood-paneled wall and a light-colored textured wall, which pulls attention from the subject.","not selected because the distracting, split background and flat lighting are characteristic of a standard event photograph rather than a high-quality portrait.","Strength: The subject is well-lit with a pleasant, engaging expression, and she is clearly the focal point of the image.
Weakness: The background is distracting, split between a dark wood-paneled wall and a light-colored textured wall, which pulls attention from the subject.
Verdict: not selected because the distracting, split background and flat lighting are characteristic of a standard event photograph rather than a high-quality portrait.","['background', 'color', 'light', 'lighting', 'subject', 'texture']",{},True,[],True
gemini__300__8__ava__selected_high__303425.jpg__4d55fc4da4,/home/omen_pc1/ava/images/303425.jpg,303425.jpg,ava,selected_high,selected,strong,0.593029,0.659845,0.586634,0.616558,0.620538,288,0.09566666666666666,train,5.54067,,gemini_api,gemini-2.5-pro,"{
  ""strength"": ""The high-contrast black and white processing creates a dramatic and visually striking image, emphasizing the intricate textures of the iris and eyelashes."",
  ""weakness"": ""The highlights on the sclera, particularly on the left side of the frame, are very bright and verge on being blown out, which slightly detracts from the overall balance."",
  ""verdict"": ""selected because the extreme close-up composition, combined with sharp focus on the iris, creates a powerful and intimate image that is rich in detail and texture.""
}",,,"The high-contrast black and white processing creates a dramatic and visually striking image, emphasizing the intricate textures of the iris and eyelashes.","The highlights on the sclera, particularly on the left side of the frame, are very bright and verge on being blown out, which slightly detracts from the overall balance.","selected because the extreme close-up composition, combined with sharp focus on the iris, creates a powerful and intimate image that is rich in detail and texture.","Strength: The high-contrast black and white processing creates a dramatic and visually striking image, emphasizing the intricate textures of the iris and eyelashes.
Weakness: The highlights on the sclera, particularly on the left side of the frame, are very bright and verge on being blown out, which slightly detracts from the overall balance.
Verdict: selected because the extreme close-up composition, combined with sharp focus on the iris, creates a powerful and intimate image that is rich in detail and texture.","['balance', 'composition', 'contrast', 'detail', 'sharp', 'texture']",{},True,[],True
gemini__300__9__ava__middle_near_miss__198488.jpg__636ae4de37,/home/omen_pc1/ava/images/198488.jpg,198488.jpg,ava,middle_near_miss,near_miss,medium,0.475521,0.508634,0.42137,0.461691,0.468761,2030,0.6763333333333333,test,5.302789,,gemini_api,gemini-2.5-pro,"{
  ""strength"": ""The composition is dynamic, with the uncoiled roll of stamps creating interesting curves and a sense of movement against a clean background."",
  ""weakness"": ""The lighting is very soft and even, which results in a lack of strong contrast and shadows, making the image feel somewhat flat and lacking in dimension."",
  ""verdict"": ""not selected because the flat, diffused lighting fails to create enough contrast to give the subject a strong sense of depth and visual pop.""
}",,,"The composition is dynamic, with the uncoiled roll of stamps creating interesting curves and a sense of movement against a clean background.","The lighting is very soft and even, which results in a lack of strong contrast and shadows, making the image feel somewhat flat and lacking in dimension.","not selected because the flat, diffused lighting fails to create enough contrast to give the subject a strong sense of depth and visual pop.","Strength: The composition is dynamic, with the uncoiled roll of stamps creating interesting curves and a sense of movement against a clean background.
Weakness: The lighting is very soft and even, which results in a lack of strong contrast and shadows, making the image feel somewhat flat and lacking in dimension.
Verdict: not selected because the flat, diffused lighting fails to create enough contrast to give the subject a strong sense of depth and visual pop.","['background', 'composition', 'contrast', 'light', 'lighting', 'shadow', 'soft', 'subject']",{},True,[],True
