image_path,split,dataset,relative_path,source_manifest,source_row_index,teacher_aesthetic_score,teacher_model_count,teacher_models_used,missing_teacher_models,teacher_contributions_json,teacher_stage_failure_count,teacher_stage_failures_json,teacher_label_error,aadb_score,nima_mean_score,alamp_score,musiq_score,rgnet_score,pairwise_recovered_score,teacher_config_name,teacher_config_path,stage5_config_path
/home/omen_pc1/photo_score_project/data/raw/aadb/images/farm1_460_19917748118_4395936834_b.jpg,train,aadb,farm1_460_19917748118_4395936834_b.jpg,/home/omen_pc1/photo_score_project/data/processed/aadb/train.csv,0,0.569419,5,"[""aadb_score"", ""alamp_score"", ""nima_mean_score"", ""pairwise_recovered_score"", ""rgnet_score""]",[],"{""aadb_score"": {""raw_score"": 0.5732421875, ""normalized_score"": 0.5732421875, ""configured_weight"": 0.28, ""effective_weight"": 0.28, ""weighted_contribution"": 0.1605078125}, ""nima_mean_score"": {""raw_score"": 5.42880916595459, ""normalized_score"": 0.4920899073282878, ""configured_weight"": 0.24, ""effective_weight"": 0.24, ""weighted_contribution"": 0.11810157775878906}, ""alamp_score"": {""raw_score"": 0.6373530626296997, ""normalized_score"": 0.6373530626296997, ""configured_weight"": 0.22, ""effective_weight"": 0.22, ""weighted_contribution"": 0.14021767377853395}, ""rgnet_score"": {""raw_score"": 0.6098726391792297, ""normalized_score"": 0.6098726391792297, ""configured_weight"": 0.18, ""effective_weight"": 0.18, ""weighted_contribution"": 0.10977707505226135}, ""pairwise_recovered_score"": {""raw_score"": 0.5101809501647949, ""normalized_score"": 0.5101809501647949, ""configured_weight"": 0.08, ""effective_weight"": 0.08, ""weighted_contribution"": 0.040814476013183595}}",0,[],,0.5732421875,5.42880916595459,0.6373530626296997,0.5555751323699951,0.6098726391792297,0.5101809501647949,stage5_production_aesthetic_target_v2,configs/student_distill_teacher.json,configs/stage5_reference.json
/home/omen_pc1/photo_score_project/data/raw/aadb/images/farm1_464_19642533584_225eae1cbe_b.jpg,train,aadb,farm1_464_19642533584_225eae1cbe_b.jpg,/home/omen_pc1/photo_score_project/data/processed/aadb/train.csv,1,0.390447,5,"[""aadb_score"", ""alamp_score"", ""nima_mean_score"", ""pairwise_recovered_score"", ""rgnet_score""]",[],"{""aadb_score"": {""raw_score"": 0.35693359375, ""normalized_score"": 0.35693359375, ""configured_weight"": 0.28, ""effective_weight"": 0.28, ""weighted_contribution"": 0.09994140625}, ""nima_mean_score"": {""raw_score"": 5.492119312286377, ""normalized_score"": 0.49912436803181964, ""configured_weight"": 0.24, ""effective_weight"": 0.24, ""weighted_contribution"": 0.11978984832763671}, ""alamp_score"": {""raw_score"": 0.30338311195373535, ""normalized_score"": 0.30338311195373535, ""configured_weight"": 0.22, ""effective_weight"": 0.22, ""weighted_contribution"": 0.06674428462982178}, ""rgnet_score"": {""raw_score"": 0.3509012460708618, ""normalized_score"": 0.3509012460708618, ""configured_weight"": 0.18, ""effective_weight"": 0.18, ""weighted_contribution"": 0.06316222429275513}, ""pairwise_recovered_score"": {""raw_score"": 0.5101099014282227, ""normalized_score"": 0.5101099014282227, ""configured_weight"": 0.08, ""effective_weight"": 0.08, ""weighted_contribution"": 0.040808792114257815}}",0,[],,0.35693359375,5.492119312286377,0.30338311195373535,0.5080285668373108,0.3509012460708618,0.5101099014282227,stage5_production_aesthetic_target_v2,configs/student_distill_teacher.json,configs/stage5_reference.json
/home/omen_pc1/photo_score_project/data/raw/aadb/images/farm1_314_20150354226_3d5f321dc8_b.jpg,train,aadb,farm1_314_20150354226_3d5f321dc8_b.jpg,/home/omen_pc1/photo_score_project/data/processed/aadb/train.csv,2,0.524495,5,"[""aadb_score"", ""alamp_score"", ""nima_mean_score"", ""pairwise_recovered_score"", ""rgnet_score""]",[],"{""aadb_score"": {""raw_score"": 0.63037109375, ""normalized_score"": 0.63037109375, ""configured_weight"": 0.28, ""effective_weight"": 0.28, ""weighted_contribution"": 0.17650390625}, ""nima_mean_score"": {""raw_score"": 5.411764621734619, ""normalized_score"": 0.49019606908162433, ""configured_weight"": 0.24, ""effective_weight"": 0.24, ""weighted_contribution"": 0.11764705657958983}, ""alamp_score"": {""raw_score"": 0.47205987572669983, ""normalized_score"": 0.47205987572669983, ""configured_weight"": 0.22, ""effective_weight"": 0.22, ""weighted_contribution"": 0.10385317265987397}, ""rgnet_score"": {""raw_score"": 0.4759996235370636, ""normalized_score"": 0.4759996235370636, ""configured_weight"": 0.18, ""effective_weight"": 0.18, ""weighted_contribution"": 0.08567993223667145}, ""pairwise_recovered_score"": {""raw_score"": 0.5101376175880432, ""normalized_score"": 0.5101376175880432, ""configured_weight"": 0.08, ""effective_weight"": 0.08, ""weighted_contribution"": 0.04081100940704346}}",0,[],,0.63037109375,5.411764621734619,0.47205987572669983,0.5140429139137268,0.4759996235370636,0.5101376175880432,stage5_production_aesthetic_target_v2,configs/student_distill_teacher.json,configs/stage5_reference.json
/home/omen_pc1/photo_score_project/data/raw/aadb/images/farm4_3680_19503935113_5697d645b1_b.jpg,train,aadb,farm4_3680_19503935113_5697d645b1_b.jpg,/home/omen_pc1/photo_score_project/data/processed/aadb/train.csv,3,0.410746,5,"[""aadb_score"", ""alamp_score"", ""nima_mean_score"", ""pairwise_recovered_score"", ""rgnet_score""]",[],"{""aadb_score"": {""raw_score"": 0.363525390625, ""normalized_score"": 0.363525390625, ""configured_weight"": 0.28, ""effective_weight"": 0.28, ""weighted_contribution"": 0.101787109375}, ""nima_mean_score"": {""raw_score"": 5.241189956665039, ""normalized_score"": 0.47124332851833767, ""configured_weight"": 0.24, ""effective_weight"": 0.24, ""weighted_contribution"": 0.11309839884440104}, ""alamp_score"": {""raw_score"": 0.341417521238327, ""normalized_score"": 0.341417521238327, ""configured_weight"": 0.22, ""effective_weight"": 0.22, ""weighted_contribution"": 0.07511185467243195}, ""rgnet_score"": {""raw_score"": 0.4440844655036926, ""normalized_score"": 0.4440844655036926, ""configured_weight"": 0.18, ""effective_weight"": 0.18, ""weighted_contribution"": 0.07993520379066467}, ""pairwise_recovered_score"": {""raw_score"": 0.5101666450500488, ""normalized_score"": 0.5101666450500488, ""configured_weight"": 0.08, ""effective_weight"": 0.08, ""weighted_contribution"": 0.040813331604003904}}",0,[],,0.363525390625,5.241189956665039,0.341417521238327,0.4796656668186188,0.4440844655036926,0.5101666450500488,stage5_production_aesthetic_target_v2,configs/student_distill_teacher.json,configs/stage5_reference.json
/home/omen_pc1/photo_score_project/data/raw/aadb/images/farm1_321_19977696362_6f804fa00a_b.jpg,train,aadb,farm1_321_19977696362_6f804fa00a_b.jpg,/home/omen_pc1/photo_score_project/data/processed/aadb/train.csv,4,0.488408,5,"[""aadb_score"", ""alamp_score"", ""nima_mean_score"", ""pairwise_recovered_score"", ""rgnet_score""]",[],"{""aadb_score"": {""raw_score"": 0.480224609375, ""normalized_score"": 0.480224609375, ""configured_weight"": 0.28, ""effective_weight"": 0.28, ""weighted_contribution"": 0.13446289062500003}, ""nima_mean_score"": {""raw_score"": 4.939469337463379, ""normalized_score"": 0.43771881527370876, ""configured_weight"": 0.24, ""effective_weight"": 0.24, ""weighted_contribution"": 0.1050525156656901}, ""alamp_score"": {""raw_score"": 0.5020776987075806, ""normalized_score"": 0.5020776987075806, ""configured_weight"": 0.22, ""effective_weight"": 0.22, ""weighted_contribution"": 0.11045709371566773}, ""rgnet_score"": {""raw_score"": 0.5423537492752075, ""normalized_score"": 0.5423537492752075, ""configured_weight"": 0.18, ""effective_weight"": 0.18, ""weighted_contribution"": 0.09762367486953735}, ""pairwise_recovered_score"": {""raw_score"": 0.5101531744003296, ""normalized_score"": 0.5101531744003296, ""configured_weight"": 0.08, ""effective_weight"": 0.08, ""weighted_contribution"": 0.04081225395202637}}",0,[],,0.480224609375,4.939469337463379,0.5020776987075806,0.6798011660575867,0.5423537492752075,0.5101531744003296,stage5_production_aesthetic_target_v2,configs/student_distill_teacher.json,configs/stage5_reference.json
/home/omen_pc1/photo_score_project/data/raw/aadb/images/farm1_256_20137721756_6ec45cce3e_b.jpg,train,aadb,farm1_256_20137721756_6ec45cce3e_b.jpg,/home/omen_pc1/photo_score_project/data/processed/aadb/train.csv,5,0.519983,5,"[""aadb_score"", ""alamp_score"", ""nima_mean_score"", ""pairwise_recovered_score"", ""rgnet_score""]",[],"{""aadb_score"": {""raw_score"": 0.62841796875, ""normalized_score"": 0.62841796875, ""configured_weight"": 0.28, ""effective_weight"": 0.28, ""weighted_contribution"": 0.17595703125}, ""nima_mean_score"": {""raw_score"": 5.412790298461914, ""normalized_score"": 0.4903100331624349, ""configured_weight"": 0.24, ""effective_weight"": 0.24, ""weighted_contribution"": 0.11767440795898437}, ""alamp_score"": {""raw_score"": 0.4169669449329376, ""normalized_score"": 0.4169669449329376, ""configured_weight"": 0.22, ""effective_weight"": 0.22, ""weighted_contribution"": 0.09173272788524628}, ""rgnet_score"": {""raw_score"": 0.521137535572052, ""normalized_score"": 0.521137535572052, ""configured_weight"": 0.18, ""effective_weight"": 0.18, ""weighted_contribution"": 0.09380475640296936}, ""pairwise_recovered_score"": {""raw_score"": 0.5101779699325562, ""normalized_score"": 0.5101779699325562, ""configured_weight"": 0.08, ""effective_weight"": 0.08, ""weighted_contribution"": 0.040814237594604494}}",0,[],,0.62841796875,5.412790298461914,0.4169669449329376,0.559879720211029,0.521137535572052,0.5101779699325562,stage5_production_aesthetic_target_v2,configs/student_distill_teacher.json,configs/stage5_reference.json
/home/omen_pc1/photo_score_project/data/raw/aadb/images/farm1_538_19493787864_f1f693f0d7_b.jpg,train,aadb,farm1_538_19493787864_f1f693f0d7_b.jpg,/home/omen_pc1/photo_score_project/data/processed/aadb/train.csv,6,0.573235,5,"[""aadb_score"", ""alamp_score"", ""nima_mean_score"", ""pairwise_recovered_score"", ""rgnet_score""]",[],"{""aadb_score"": {""raw_score"": 0.59765625, ""normalized_score"": 0.59765625, ""configured_weight"": 0.28, ""effective_weight"": 0.28, ""weighted_contribution"": 0.16734375}, ""nima_mean_score"": {""raw_score"": 5.445568084716797, ""normalized_score"": 0.49395200941297746, ""configured_weight"": 0.24, ""effective_weight"": 0.24, ""weighted_contribution"": 0.11854848225911459}, ""alamp_score"": {""raw_score"": 0.6939794421195984, ""normalized_score"": 0.6939794421195984, ""configured_weight"": 0.22, ""effective_weight"": 0.22, ""weighted_contribution"": 0.15267547726631164}, ""rgnet_score"": {""raw_score"": 0.5213903784751892, ""normalized_score"": 0.5213903784751892, ""configured_weight"": 0.18, ""effective_weight"": 0.18, ""weighted_contribution"": 0.09385026812553406}, ""pairwise_recovered_score"": {""raw_score"": 0.5102108716964722, ""normalized_score"": 0.5102108716964722, ""configured_weight"": 0.08, ""effective_weight"": 0.08, ""weighted_contribution"": 0.04081686973571778}}",0,[],,0.59765625,5.445568084716797,0.6939794421195984,0.49927833676338196,0.5213903784751892,0.5102108716964722,stage5_production_aesthetic_target_v2,configs/student_distill_teacher.json,configs/stage5_reference.json
/home/omen_pc1/photo_score_project/data/raw/aadb/images/farm4_3705_20129196731_43e563c5e1_b.jpg,train,aadb,farm4_3705_20129196731_43e563c5e1_b.jpg,/home/omen_pc1/photo_score_project/data/processed/aadb/train.csv,7,0.505673,5,"[""aadb_score"", ""alamp_score"", ""nima_mean_score"", ""pairwise_recovered_score"", ""rgnet_score""]",[],"{""aadb_score"": {""raw_score"": 0.56591796875, ""normalized_score"": 0.56591796875, ""configured_weight"": 0.28, ""effective_weight"": 0.28, ""weighted_contribution"": 0.15845703125000002}, ""nima_mean_score"": {""raw_score"": 5.234492778778076, ""normalized_score"": 0.4704991976420085, ""configured_weight"": 0.24, ""effective_weight"": 0.24, ""weighted_contribution"": 0.11291980743408203}, ""alamp_score"": {""raw_score"": 0.45241814851760864, ""normalized_score"": 0.45241814851760864, ""configured_weight"": 0.22, ""effective_weight"": 0.22, ""weighted_contribution"": 0.0995319926738739}, ""rgnet_score"": {""raw_score"": 0.5219554305076599, ""normalized_score"": 0.5219554305076599, ""configured_weight"": 0.18, ""effective_weight"": 0.18, ""weighted_contribution"": 0.09395197749137878}, ""pairwise_recovered_score"": {""raw_score"": 0.5101478099822998, ""normalized_score"": 0.5101478099822998, ""configured_weight"": 0.08, ""effective_weight"": 0.08, ""weighted_contribution"": 0.04081182479858399}}",0,[],,0.56591796875,5.234492778778076,0.45241814851760864,0.5763791799545288,0.5219554305076599,0.5101478099822998,stage5_production_aesthetic_target_v2,configs/student_distill_teacher.json,configs/stage5_reference.json
/home/omen_pc1/photo_score_project/data/raw/aadb/images/farm1_484_20154880246_d80e713291_b.jpg,train,aadb,farm1_484_20154880246_d80e713291_b.jpg,/home/omen_pc1/photo_score_project/data/processed/aadb/train.csv,8,0.602231,5,"[""aadb_score"", ""alamp_score"", ""nima_mean_score"", ""pairwise_recovered_score"", ""rgnet_score""]",[],"{""aadb_score"": {""raw_score"": 0.6708984375, ""normalized_score"": 0.6708984375, ""configured_weight"": 0.28, ""effective_weight"": 0.28, ""weighted_contribution"": 0.1878515625}, ""nima_mean_score"": {""raw_score"": 6.058032035827637, ""normalized_score"": 0.5620035595364041, ""configured_weight"": 0.24, ""effective_weight"": 0.24, ""weighted_contribution"": 0.13488085428873697}, ""alamp_score"": {""raw_score"": 0.6044757962226868, ""normalized_score"": 0.6044757962226868, ""configured_weight"": 0.22, ""effective_weight"": 0.22, ""weighted_contribution"": 0.1329846751689911}, ""rgnet_score"": {""raw_score"": 0.5872412323951721, ""normalized_score"": 0.5872412323951721, ""configured_weight"": 0.18, ""effective_weight"": 0.18, ""weighted_contribution"": 0.10570342183113098}, ""pairwise_recovered_score"": {""raw_score"": 0.5101344585418701, ""normalized_score"": 0.5101344585418701, ""configured_weight"": 0.08, ""effective_weight"": 0.08, ""weighted_contribution"": 0.04081075668334961}}",0,[],,0.6708984375,6.058032035827637,0.6044757962226868,0.6037421822547913,0.5872412323951721,0.5101344585418701,stage5_production_aesthetic_target_v2,configs/student_distill_teacher.json,configs/stage5_reference.json
/home/omen_pc1/photo_score_project/data/raw/aadb/images/farm1_357_19979104270_d5eddb05af_b.jpg,train,aadb,farm1_357_19979104270_d5eddb05af_b.jpg,/home/omen_pc1/photo_score_project/data/processed/aadb/train.csv,9,0.54468,5,"[""aadb_score"", ""alamp_score"", ""nima_mean_score"", ""pairwise_recovered_score"", ""rgnet_score""]",[],"{""aadb_score"": {""raw_score"": 0.60107421875, ""normalized_score"": 0.60107421875, ""configured_weight"": 0.28, ""effective_weight"": 0.28, ""weighted_contribution"": 0.16830078125}, ""nima_mean_score"": {""raw_score"": 5.401834964752197, ""normalized_score"": 0.48909277386135525, ""configured_weight"": 0.24, ""effective_weight"": 0.24, ""weighted_contribution"": 0.11738226572672525}, ""alamp_score"": {""raw_score"": 0.5254300832748413, ""normalized_score"": 0.5254300832748413, ""configured_weight"": 0.22, ""effective_weight"": 0.22, ""weighted_contribution"": 0.1155946183204651}, ""rgnet_score"": {""raw_score"": 0.5699451565742493, ""normalized_score"": 0.5699451565742493, ""configured_weight"": 0.18, ""effective_weight"": 0.18, ""weighted_contribution"": 0.10259012818336487}, ""pairwise_recovered_score"": {""raw_score"": 0.5101514458656311, ""normalized_score"": 0.5101514458656311, ""configured_weight"": 0.08, ""effective_weight"": 0.08, ""weighted_contribution"": 0.04081211566925049}}",0,[],,0.60107421875,5.401834964752197,0.5254300832748413,0.5600249767303467,0.5699451565742493,0.5101514458656311,stage5_production_aesthetic_target_v2,configs/student_distill_teacher.json,configs/stage5_reference.json
/home/omen_pc1/photo_score_project/data/raw/aadb/images/farm1_310_20163828786_94816766ab_b.jpg,train,aadb,farm1_310_20163828786_94816766ab_b.jpg,/home/omen_pc1/photo_score_project/data/processed/aadb/train.csv,10,0.548786,5,"[""aadb_score"", ""alamp_score"", ""nima_mean_score"", ""pairwise_recovered_score"", ""rgnet_score""]",[],"{""aadb_score"": {""raw_score"": 0.50244140625, ""normalized_score"": 0.50244140625, ""configured_weight"": 0.28, ""effective_weight"": 0.28, ""weighted_contribution"": 0.14068359375}, ""nima_mean_score"": {""raw_score"": 5.373384952545166, ""normalized_score"": 0.4859316613939073, ""configured_weight"": 0.24, ""effective_weight"": 0.24, ""weighted_contribution"": 0.11662359873453775}, ""alamp_score"": {""raw_score"": 0.6219255328178406, ""normalized_score"": 0.6219255328178406, ""configured_weight"": 0.22, ""effective_weight"": 0.22, ""weighted_contribution"": 0.13682361721992492}, ""rgnet_score"": {""raw_score"": 0.63243168592453, ""normalized_score"": 0.63243168592453, ""configured_weight"": 0.18, ""effective_weight"": 0.18, ""weighted_contribution"": 0.1138377034664154}, ""pairwise_recovered_score"": {""raw_score"": 0.5102208852767944, ""normalized_score"": 0.5102208852767944, ""configured_weight"": 0.08, ""effective_weight"": 0.08, ""weighted_contribution"": 0.040817670822143555}}",0,[],,0.50244140625,5.373384952545166,0.6219255328178406,0.5186625719070435,0.63243168592453,0.5102208852767944,stage5_production_aesthetic_target_v2,configs/student_distill_teacher.json,configs/stage5_reference.json
/home/omen_pc1/photo_score_project/data/raw/aadb/images/farm1_278_19577139934_9211febfb6_b.jpg,train,aadb,farm1_278_19577139934_9211febfb6_b.jpg,/home/omen_pc1/photo_score_project/data/processed/aadb/train.csv,11,0.498011,5,"[""aadb_score"", ""alamp_score"", ""nima_mean_score"", ""pairwise_recovered_score"", ""rgnet_score""]",[],"{""aadb_score"": {""raw_score"": 0.486572265625, ""normalized_score"": 0.486572265625, ""configured_weight"": 0.28, ""effective_weight"": 0.28, ""weighted_contribution"": 0.13624023437500002}, ""nima_mean_score"": {""raw_score"": 5.498140335083008, ""normalized_score"": 0.4997933705647786, ""configured_weight"": 0.24, ""effective_weight"": 0.24, ""weighted_contribution"": 0.11995040893554687}, ""alamp_score"": {""raw_score"": 0.48531609773635864, ""normalized_score"": 0.48531609773635864, ""configured_weight"": 0.22, ""effective_weight"": 0.22, ""weighted_contribution"": 0.1067695415019989}, ""rgnet_score"": {""raw_score"": 0.5235360264778137, ""normalized_score"": 0.5235360264778137, ""configured_weight"": 0.18, ""effective_weight"": 0.18, ""weighted_contribution"": 0.09423648476600646}, ""pairwise_recovered_score"": {""raw_score"": 0.5101804733276367, ""normalized_score"": 0.5101804733276367, ""configured_weight"": 0.08, ""effective_weight"": 0.08, ""weighted_contribution"": 0.04081443786621094}}",0,[],,0.486572265625,5.498140335083008,0.48531609773635864,0.4706591069698334,0.5235360264778137,0.5101804733276367,stage5_production_aesthetic_target_v2,configs/student_distill_teacher.json,configs/stage5_reference.json
/home/omen_pc1/photo_score_project/data/raw/aadb/images/farm1_308_19973391160_b681c70f4c_b.jpg,train,aadb,farm1_308_19973391160_b681c70f4c_b.jpg,/home/omen_pc1/photo_score_project/data/processed/aadb/train.csv,12,0.550851,5,"[""aadb_score"", ""alamp_score"", ""nima_mean_score"", ""pairwise_recovered_score"", ""rgnet_score""]",[],"{""aadb_score"": {""raw_score"": 0.6123046875, ""normalized_score"": 0.6123046875, ""configured_weight"": 0.28, ""effective_weight"": 0.28, ""weighted_contribution"": 0.17144531250000003}, ""nima_mean_score"": {""raw_score"": 5.269697189331055, ""normalized_score"": 0.4744107988145616, ""configured_weight"": 0.24, ""effective_weight"": 0.24, ""weighted_contribution"": 0.11385859171549478}, ""alamp_score"": {""raw_score"": 0.5363592505455017, ""normalized_score"": 0.5363592505455017, ""configured_weight"": 0.22, ""effective_weight"": 0.22, ""weighted_contribution"": 0.11799903512001038}, ""rgnet_score"": {""raw_score"": 0.5929338932037354, ""normalized_score"": 0.5929338932037354, ""configured_weight"": 0.18, ""effective_weight"": 0.18, ""weighted_contribution"": 0.10672810077667236}, ""pairwise_recovered_score"": {""raw_score"": 0.5102436542510986, ""normalized_score"": 0.5102436542510986, ""configured_weight"": 0.08, ""effective_weight"": 0.08, ""weighted_contribution"": 0.040819492340087894}}",0,[],,0.6123046875,5.269697189331055,0.5363592505455017,0.5714045166969299,0.5929338932037354,0.5102436542510986,stage5_production_aesthetic_target_v2,configs/student_distill_teacher.json,configs/stage5_reference.json
/home/omen_pc1/photo_score_project/data/raw/aadb/images/farm1_360_20177462746_e415eaa9a9_b.jpg,train,aadb,farm1_360_20177462746_e415eaa9a9_b.jpg,/home/omen_pc1/photo_score_project/data/processed/aadb/train.csv,13,0.466792,5,"[""aadb_score"", ""alamp_score"", ""nima_mean_score"", ""pairwise_recovered_score"", ""rgnet_score""]",[],"{""aadb_score"": {""raw_score"": 0.428466796875, ""normalized_score"": 0.428466796875, ""configured_weight"": 0.28, ""effective_weight"": 0.28, ""weighted_contribution"": 0.11997070312500001}, ""nima_mean_score"": {""raw_score"": 5.326665878295898, ""normalized_score"": 0.4807406531439887, ""configured_weight"": 0.24, ""effective_weight"": 0.24, ""weighted_contribution"": 0.11537775675455729}, ""alamp_score"": {""raw_score"": 0.4076004922389984, ""normalized_score"": 0.4076004922389984, ""configured_weight"": 0.22, ""effective_weight"": 0.22, ""weighted_contribution"": 0.08967210829257966}, ""rgnet_score"": {""raw_score"": 0.5608669519424438, ""normalized_score"": 0.5608669519424438, ""configured_weight"": 0.18, ""effective_weight"": 0.18, ""weighted_contribution"": 0.10095605134963989}, ""pairwise_recovered_score"": {""raw_score"": 0.5101965665817261, ""normalized_score"": 0.5101965665817261, ""configured_weight"": 0.08, ""effective_weight"": 0.08, ""weighted_contribution"": 0.040815725326538085}}",0,[],,0.428466796875,5.326665878295898,0.4076004922389984,0.5511276721954346,0.5608669519424438,0.5101965665817261,stage5_production_aesthetic_target_v2,configs/student_distill_teacher.json,configs/stage5_reference.json
/home/omen_pc1/photo_score_project/data/raw/aadb/images/farm1_513_20108498725_887613d688_b.jpg,train,aadb,farm1_513_20108498725_887613d688_b.jpg,/home/omen_pc1/photo_score_project/data/processed/aadb/train.csv,14,0.568485,5,"[""aadb_score"", ""alamp_score"", ""nima_mean_score"", ""pairwise_recovered_score"", ""rgnet_score""]",[],"{""aadb_score"": {""raw_score"": 0.6044921875, ""normalized_score"": 0.6044921875, ""configured_weight"": 0.28, ""effective_weight"": 0.28, ""weighted_contribution"": 0.16925781250000002}, ""nima_mean_score"": {""raw_score"": 5.959293365478516, ""normalized_score"": 0.5510325961642795, ""configured_weight"": 0.24, ""effective_weight"": 0.24, ""weighted_contribution"": 0.13224782307942706}, ""alamp_score"": {""raw_score"": 0.5694796442985535, ""normalized_score"": 0.5694796442985535, ""configured_weight"": 0.22, ""effective_weight"": 0.22, ""weighted_contribution"": 0.12528552174568178}, ""rgnet_score"": {""raw_score"": 0.5604538321495056, ""normalized_score"": 0.5604538321495056, ""configured_weight"": 0.18, ""effective_weight"": 0.18, ""weighted_contribution"": 0.100881689786911}, ""pairwise_recovered_score"": {""raw_score"": 0.5101520419120789, ""normalized_score"": 0.5101520419120789, ""configured_weight"": 0.08, ""effective_weight"": 0.08, ""weighted_contribution"": 0.04081216335296631}}",0,[],,0.6044921875,5.959293365478516,0.5694796442985535,0.5229883790016174,0.5604538321495056,0.5101520419120789,stage5_production_aesthetic_target_v2,configs/student_distill_teacher.json,configs/stage5_reference.json
/home/omen_pc1/photo_score_project/data/raw/aadb/images/farm1_468_19805855899_9fac35f779_b.jpg,train,aadb,farm1_468_19805855899_9fac35f779_b.jpg,/home/omen_pc1/photo_score_project/data/processed/aadb/train.csv,15,0.456359,5,"[""aadb_score"", ""alamp_score"", ""nima_mean_score"", ""pairwise_recovered_score"", ""rgnet_score""]",[],"{""aadb_score"": {""raw_score"": 0.371826171875, ""normalized_score"": 0.371826171875, ""configured_weight"": 0.28, ""effective_weight"": 0.28, ""weighted_contribution"": 0.10411132812500001}, ""nima_mean_score"": {""raw_score"": 5.312756538391113, ""normalized_score"": 0.4791951709323459, ""configured_weight"": 0.24, ""effective_weight"": 0.24, ""weighted_contribution"": 0.11500684102376302}, ""alamp_score"": {""raw_score"": 0.43649736046791077, ""normalized_score"": 0.43649736046791077, ""configured_weight"": 0.22, ""effective_weight"": 0.22, ""weighted_contribution"": 0.09602941930294037}, ""rgnet_score"": {""raw_score"": 0.5577757954597473, ""normalized_score"": 0.5577757954597473, ""configured_weight"": 0.18, ""effective_weight"": 0.18, ""weighted_contribution"": 0.10039964318275452}, ""pairwise_recovered_score"": {""raw_score"": 0.5101533532142639, ""normalized_score"": 0.5101533532142639, ""configured_weight"": 0.08, ""effective_weight"": 0.08, ""weighted_contribution"": 0.04081226825714111}}",0,[],,0.371826171875,5.312756538391113,0.43649736046791077,0.464300274848938,0.5577757954597473,0.5101533532142639,stage5_production_aesthetic_target_v2,configs/student_distill_teacher.json,configs/stage5_reference.json
/home/omen_pc1/photo_score_project/data/raw/aadb/images/farm1_267_19923634110_012b5da700_b.jpg,train,aadb,farm1_267_19923634110_012b5da700_b.jpg,/home/omen_pc1/photo_score_project/data/processed/aadb/train.csv,16,0.495376,5,"[""aadb_score"", ""alamp_score"", ""nima_mean_score"", ""pairwise_recovered_score"", ""rgnet_score""]",[],"{""aadb_score"": {""raw_score"": 0.52880859375, ""normalized_score"": 0.52880859375, ""configured_weight"": 0.28, ""effective_weight"": 0.28, ""weighted_contribution"": 0.14806640625}, ""nima_mean_score"": {""raw_score"": 5.4346208572387695, ""normalized_score"": 0.4927356508043077, ""configured_weight"": 0.24, ""effective_weight"": 0.24, ""weighted_contribution"": 0.11825655619303384}, ""alamp_score"": {""raw_score"": 0.3862881064414978, ""normalized_score"": 0.3862881064414978, ""configured_weight"": 0.22, ""effective_weight"": 0.22, ""weighted_contribution"": 0.08498338341712952}, ""rgnet_score"": {""raw_score"": 0.5736714601516724, ""normalized_score"": 0.5736714601516724, ""configured_weight"": 0.18, ""effective_weight"": 0.18, ""weighted_contribution"": 0.10326086282730103}, ""pairwise_recovered_score"": {""raw_score"": 0.5101121068000793, ""normalized_score"": 0.5101121068000793, ""configured_weight"": 0.08, ""effective_weight"": 0.08, ""weighted_contribution"": 0.04080896854400635}}",0,[],,0.52880859375,5.4346208572387695,0.3862881064414978,0.5967140793800354,0.5736714601516724,0.5101121068000793,stage5_production_aesthetic_target_v2,configs/student_distill_teacher.json,configs/stage5_reference.json
/home/omen_pc1/photo_score_project/data/raw/aadb/images/farm1_262_19794251160_e595ee2fce_b.jpg,train,aadb,farm1_262_19794251160_e595ee2fce_b.jpg,/home/omen_pc1/photo_score_project/data/processed/aadb/train.csv,17,0.504049,5,"[""aadb_score"", ""alamp_score"", ""nima_mean_score"", ""pairwise_recovered_score"", ""rgnet_score""]",[],"{""aadb_score"": {""raw_score"": 0.53955078125, ""normalized_score"": 0.53955078125, ""configured_weight"": 0.28, ""effective_weight"": 0.28, ""weighted_contribution"": 0.15107421875000002}, ""nima_mean_score"": {""raw_score"": 5.700506687164307, ""normalized_score"": 0.5222785207960341, ""configured_weight"": 0.24, ""effective_weight"": 0.24, ""weighted_contribution"": 0.12534684499104817}, ""alamp_score"": {""raw_score"": 0.4510262906551361, ""normalized_score"": 0.4510262906551361, ""configured_weight"": 0.22, ""effective_weight"": 0.22, ""weighted_contribution"": 0.09922578394412994}, ""rgnet_score"": {""raw_score"": 0.4866109788417816, ""normalized_score"": 0.4866109788417816, ""configured_weight"": 0.18, ""effective_weight"": 0.18, ""weighted_contribution"": 0.08758997619152069}, ""pairwise_recovered_score"": {""raw_score"": 0.5101510286331177, ""normalized_score"": 0.5101510286331177, ""configured_weight"": 0.08, ""effective_weight"": 0.08, ""weighted_contribution"": 0.040812082290649414}}",0,[],,0.53955078125,5.700506687164307,0.4510262906551361,0.4785977005958557,0.4866109788417816,0.5101510286331177,stage5_production_aesthetic_target_v2,configs/student_distill_teacher.json,configs/stage5_reference.json
/home/omen_pc1/photo_score_project/data/raw/aadb/images/farm1_286_20006197019_b2e12c5905_b.jpg,train,aadb,farm1_286_20006197019_b2e12c5905_b.jpg,/home/omen_pc1/photo_score_project/data/processed/aadb/train.csv,18,0.480842,5,"[""aadb_score"", ""alamp_score"", ""nima_mean_score"", ""pairwise_recovered_score"", ""rgnet_score""]",[],"{""aadb_score"": {""raw_score"": 0.43359375, ""normalized_score"": 0.43359375, ""configured_weight"": 0.28, ""effective_weight"": 0.28, ""weighted_contribution"": 0.12140625000000001}, ""nima_mean_score"": {""raw_score"": 5.113096237182617, ""normalized_score"": 0.4570106930202908, ""configured_weight"": 0.24, ""effective_weight"": 0.24, ""weighted_contribution"": 0.10968256632486979}, ""alamp_score"": {""raw_score"": 0.5380104184150696, ""normalized_score"": 0.5380104184150696, ""configured_weight"": 0.22, ""effective_weight"": 0.22, ""weighted_contribution"": 0.11836229205131531}, ""rgnet_score"": {""raw_score"": 0.5031982660293579, ""normalized_score"": 0.5031982660293579, ""configured_weight"": 0.18, ""effective_weight"": 0.18, ""weighted_contribution"": 0.09057568788528442}, ""pairwise_recovered_score"": {""raw_score"": 0.5101906061172485, ""normalized_score"": 0.5101906061172485, ""configured_weight"": 0.08, ""effective_weight"": 0.08, ""weighted_contribution"": 0.04081524848937988}}",0,[],,0.43359375,5.113096237182617,0.5380104184150696,0.5181345343589783,0.5031982660293579,0.5101906061172485,stage5_production_aesthetic_target_v2,configs/student_distill_teacher.json,configs/stage5_reference.json
/home/omen_pc1/photo_score_project/data/raw/aadb/images/farm1_345_20084414911_fac2edb5e3_b.jpg,train,aadb,farm1_345_20084414911_fac2edb5e3_b.jpg,/home/omen_pc1/photo_score_project/data/processed/aadb/train.csv,19,0.584815,5,"[""aadb_score"", ""alamp_score"", ""nima_mean_score"", ""pairwise_recovered_score"", ""rgnet_score""]",[],"{""aadb_score"": {""raw_score"": 0.5869140625, ""normalized_score"": 0.5869140625, ""configured_weight"": 0.28, ""effective_weight"": 0.28, ""weighted_contribution"": 0.16433593750000003}, ""nima_mean_score"": {""raw_score"": 6.087301731109619, ""normalized_score"": 0.5652557479010688, ""configured_weight"": 0.24, ""effective_weight"": 0.24, ""weighted_contribution"": 0.1356613794962565}, ""alamp_score"": {""raw_score"": 0.655960202217102, ""normalized_score"": 0.655960202217102, ""configured_weight"": 0.22, ""effective_weight"": 0.22, ""weighted_contribution"": 0.14431124448776245}, ""rgnet_score"": {""raw_score"": 0.5538296699523926, ""normalized_score"": 0.5538296699523926, ""configured_weight"": 0.18, ""effective_weight"": 0.18, ""weighted_contribution"": 0.09968934059143066}, ""pairwise_recovered_score"": {""raw_score"": 0.5102187395095825, ""normalized_score"": 0.5102187395095825, ""configured_weight"": 0.08, ""effective_weight"": 0.08, ""weighted_contribution"": 0.0408174991607666}}",0,[],,0.5869140625,6.087301731109619,0.655960202217102,0.5590035319328308,0.5538296699523926,0.5102187395095825,stage5_production_aesthetic_target_v2,configs/student_distill_teacher.json,configs/stage5_reference.json
/home/omen_pc1/photo_score_project/data/raw/aadb/images/farm1_338_19570245094_205c7d1bb2_b.jpg,train,aadb,farm1_338_19570245094_205c7d1bb2_b.jpg,/home/omen_pc1/photo_score_project/data/processed/aadb/train.csv,20,0.456796,5,"[""aadb_score"", ""alamp_score"", ""nima_mean_score"", ""pairwise_recovered_score"", ""rgnet_score""]",[],"{""aadb_score"": {""raw_score"": 0.49755859375, ""normalized_score"": 0.49755859375, ""configured_weight"": 0.28, ""effective_weight"": 0.28, ""weighted_contribution"": 0.13931640625000002}, ""nima_mean_score"": {""raw_score"": 5.505807876586914, ""normalized_score"": 0.5006453196207682, ""configured_weight"": 0.24, ""effective_weight"": 0.24, ""weighted_contribution"": 0.12015487670898437}, ""alamp_score"": {""raw_score"": 0.3903500735759735, ""normalized_score"": 0.3903500735759735, ""configured_weight"": 0.22, ""effective_weight"": 0.22, ""weighted_contribution"": 0.08587701618671417}, ""rgnet_score"": {""raw_score"": 0.3924376666545868, ""normalized_score"": 0.3924376666545868, ""configured_weight"": 0.18, ""effective_weight"": 0.18, ""weighted_contribution"": 0.07063877999782563}, ""pairwise_recovered_score"": {""raw_score"": 0.5101078748703003, ""normalized_score"": 0.5101078748703003, ""configured_weight"": 0.08, ""effective_weight"": 0.08, ""weighted_contribution"": 0.04080862998962403}}",0,[],,0.49755859375,5.505807876586914,0.3903500735759735,0.5116373300552368,0.3924376666545868,0.5101078748703003,stage5_production_aesthetic_target_v2,configs/student_distill_teacher.json,configs/stage5_reference.json
/home/omen_pc1/photo_score_project/data/raw/aadb/images/farm1_356_19460063023_aaf0745413_b.jpg,train,aadb,farm1_356_19460063023_aaf0745413_b.jpg,/home/omen_pc1/photo_score_project/data/processed/aadb/train.csv,21,0.510794,5,"[""aadb_score"", ""alamp_score"", ""nima_mean_score"", ""pairwise_recovered_score"", ""rgnet_score""]",[],"{""aadb_score"": {""raw_score"": 0.470703125, ""normalized_score"": 0.470703125, ""configured_weight"": 0.28, ""effective_weight"": 0.28, ""weighted_contribution"": 0.131796875}, ""nima_mean_score"": {""raw_score"": 5.2479705810546875, ""normalized_score"": 0.4719967312282986, ""configured_weight"": 0.24, ""effective_weight"": 0.24, ""weighted_contribution"": 0.11327921549479165}, ""alamp_score"": {""raw_score"": 0.5296041369438171, ""normalized_score"": 0.5296041369438171, ""configured_weight"": 0.22, ""effective_weight"": 0.22, ""weighted_contribution"": 0.11651291012763977}, ""rgnet_score"": {""raw_score"": 0.6021612286567688, ""normalized_score"": 0.6021612286567688, ""configured_weight"": 0.18, ""effective_weight"": 0.18, ""weighted_contribution"": 0.10838902115821838}, ""pairwise_recovered_score"": {""raw_score"": 0.5102027654647827, ""normalized_score"": 0.5102027654647827, ""configured_weight"": 0.08, ""effective_weight"": 0.08, ""weighted_contribution"": 0.04081622123718262}}",0,[],,0.470703125,5.2479705810546875,0.5296041369438171,0.6477786302566528,0.6021612286567688,0.5102027654647827,stage5_production_aesthetic_target_v2,configs/student_distill_teacher.json,configs/stage5_reference.json
/home/omen_pc1/photo_score_project/data/raw/aadb/images/farm1_384_20095799096_16d8696589_b.jpg,train,aadb,farm1_384_20095799096_16d8696589_b.jpg,/home/omen_pc1/photo_score_project/data/processed/aadb/train.csv,22,0.47079,5,"[""aadb_score"", ""alamp_score"", ""nima_mean_score"", ""pairwise_recovered_score"", ""rgnet_score""]",[],"{""aadb_score"": {""raw_score"": 0.456298828125, ""normalized_score"": 0.456298828125, ""configured_weight"": 0.28, ""effective_weight"": 0.28, ""weighted_contribution"": 0.127763671875}, ""nima_mean_score"": {""raw_score"": 5.409391403198242, ""normalized_score"": 0.489932378133138, ""configured_weight"": 0.24, ""effective_weight"": 0.24, ""weighted_contribution"": 0.11758377075195312}, ""alamp_score"": {""raw_score"": 0.43179944157600403, ""normalized_score"": 0.43179944157600403, ""configured_weight"": 0.22, ""effective_weight"": 0.22, ""weighted_contribution"": 0.09499587714672089}, ""rgnet_score"": {""raw_score"": 0.49798399209976196, ""normalized_score"": 0.49798399209976196, ""configured_weight"": 0.18, ""effective_weight"": 0.18, ""weighted_contribution"": 0.08963711857795716}, ""pairwise_recovered_score"": {""raw_score"": 0.5101224184036255, ""normalized_score"": 0.5101224184036255, ""configured_weight"": 0.08, ""effective_weight"": 0.08, ""weighted_contribution"": 0.04080979347229004}}",0,[],,0.456298828125,5.409391403198242,0.43179944157600403,0.5215450525283813,0.49798399209976196,0.5101224184036255,stage5_production_aesthetic_target_v2,configs/student_distill_teacher.json,configs/stage5_reference.json
/home/omen_pc1/photo_score_project/data/raw/aadb/images/farm1_329_20186252575_79ddb60286_b.jpg,train,aadb,farm1_329_20186252575_79ddb60286_b.jpg,/home/omen_pc1/photo_score_project/data/processed/aadb/train.csv,23,0.400479,5,"[""aadb_score"", ""alamp_score"", ""nima_mean_score"", ""pairwise_recovered_score"", ""rgnet_score""]",[],"{""aadb_score"": {""raw_score"": 0.332763671875, ""normalized_score"": 0.332763671875, ""configured_weight"": 0.28, ""effective_weight"": 0.28, ""weighted_contribution"": 0.09317382812500001}, ""nima_mean_score"": {""raw_score"": 5.446690559387207, ""normalized_score"": 0.4940767288208008, ""configured_weight"": 0.24, ""effective_weight"": 0.24, ""weighted_contribution"": 0.11857841491699218}, ""alamp_score"": {""raw_score"": 0.3063317835330963, ""normalized_score"": 0.3063317835330963, ""configured_weight"": 0.22, ""effective_weight"": 0.22, ""weighted_contribution"": 0.06739299237728119}, ""rgnet_score"": {""raw_score"": 0.4473379850387573, ""normalized_score"": 0.4473379850387573, ""configured_weight"": 0.18, ""effective_weight"": 0.18, ""weighted_contribution"": 0.08052083730697632}, ""pairwise_recovered_score"": {""raw_score"": 0.5101643800735474, ""normalized_score"": 0.5101643800735474, ""configured_weight"": 0.08, ""effective_weight"": 0.08, ""weighted_contribution"": 0.04081315040588379}}",0,[],,0.332763671875,5.446690559387207,0.3063317835330963,0.49822330474853516,0.4473379850387573,0.5101643800735474,stage5_production_aesthetic_target_v2,configs/student_distill_teacher.json,configs/stage5_reference.json
/home/omen_pc1/photo_score_project/data/raw/aadb/images/farm1_364_20217540681_2f3abbf356_b.jpg,train,aadb,farm1_364_20217540681_2f3abbf356_b.jpg,/home/omen_pc1/photo_score_project/data/processed/aadb/train.csv,24,0.479244,5,"[""aadb_score"", ""alamp_score"", ""nima_mean_score"", ""pairwise_recovered_score"", ""rgnet_score""]",[],"{""aadb_score"": {""raw_score"": 0.491455078125, ""normalized_score"": 0.491455078125, ""configured_weight"": 0.28, ""effective_weight"": 0.28, ""weighted_contribution"": 0.13760742187500002}, ""nima_mean_score"": {""raw_score"": 5.695199966430664, ""normalized_score"": 0.5216888851589627, ""configured_weight"": 0.24, ""effective_weight"": 0.24, ""weighted_contribution"": 0.12520533243815105}, ""alamp_score"": {""raw_score"": 0.42175278067588806, ""normalized_score"": 0.42175278067588806, ""configured_weight"": 0.22, ""effective_weight"": 0.22, ""weighted_contribution"": 0.09278561174869537}, ""rgnet_score"": {""raw_score"": 0.46019455790519714, ""normalized_score"": 0.46019455790519714, ""configured_weight"": 0.18, ""effective_weight"": 0.18, ""weighted_contribution"": 0.08283502042293549}, ""pairwise_recovered_score"": {""raw_score"": 0.5101326704025269, ""normalized_score"": 0.5101326704025269, ""configured_weight"": 0.08, ""effective_weight"": 0.08, ""weighted_contribution"": 0.04081061363220215}}",0,[],,0.491455078125,5.695199966430664,0.42175278067588806,0.5489419102668762,0.46019455790519714,0.5101326704025269,stage5_production_aesthetic_target_v2,configs/student_distill_teacher.json,configs/stage5_reference.json
/home/omen_pc1/photo_score_project/data/raw/aadb/images/farm1_282_20263115322_dd66563c65_b.jpg,train,aadb,farm1_282_20263115322_dd66563c65_b.jpg,/home/omen_pc1/photo_score_project/data/processed/aadb/train.csv,25,0.475169,5,"[""aadb_score"", ""alamp_score"", ""nima_mean_score"", ""pairwise_recovered_score"", ""rgnet_score""]",[],"{""aadb_score"": {""raw_score"": 0.480224609375, ""normalized_score"": 0.480224609375, ""configured_weight"": 0.28, ""effective_weight"": 0.28, ""weighted_contribution"": 0.13446289062500003}, ""nima_mean_score"": {""raw_score"": 5.372863292694092, ""normalized_score"": 0.4858736991882324, ""configured_weight"": 0.24, ""effective_weight"": 0.24, ""weighted_contribution"": 0.11660968780517578}, ""alamp_score"": {""raw_score"": 0.3848586082458496, ""normalized_score"": 0.3848586082458496, ""configured_weight"": 0.22, ""effective_weight"": 0.22, ""weighted_contribution"": 0.08466889381408692}, ""rgnet_score"": {""raw_score"": 0.5478708744049072, ""normalized_score"": 0.5478708744049072, ""configured_weight"": 0.18, ""effective_weight"": 0.18, ""weighted_contribution"": 0.0986167573928833}, ""pairwise_recovered_score"": {""raw_score"": 0.510136604309082, ""normalized_score"": 0.510136604309082, ""configured_weight"": 0.08, ""effective_weight"": 0.08, ""weighted_contribution"": 0.04081092834472656}}",0,[],,0.480224609375,5.372863292694092,0.3848586082458496,0.48781469464302063,0.5478708744049072,0.510136604309082,stage5_production_aesthetic_target_v2,configs/student_distill_teacher.json,configs/stage5_reference.json
/home/omen_pc1/photo_score_project/data/raw/aadb/images/farm4_3690_19504918844_9f469ba4ac_b.jpg,train,aadb,farm4_3690_19504918844_9f469ba4ac_b.jpg,/home/omen_pc1/photo_score_project/data/processed/aadb/train.csv,26,0.529741,5,"[""aadb_score"", ""alamp_score"", ""nima_mean_score"", ""pairwise_recovered_score"", ""rgnet_score""]",[],"{""aadb_score"": {""raw_score"": 0.61376953125, ""normalized_score"": 0.61376953125, ""configured_weight"": 0.28, ""effective_weight"": 0.28, ""weighted_contribution"": 0.17185546875000002}, ""nima_mean_score"": {""raw_score"": 5.59965705871582, ""normalized_score"": 0.51107300652398, ""configured_weight"": 0.24, ""effective_weight"": 0.24, ""weighted_contribution"": 0.1226575215657552}, ""alamp_score"": {""raw_score"": 0.431932657957077, ""normalized_score"": 0.431932657957077, ""configured_weight"": 0.22, ""effective_weight"": 0.22, ""weighted_contribution"": 0.09502518475055695}, ""rgnet_score"": {""raw_score"": 0.5521817207336426, ""normalized_score"": 0.5521817207336426, ""configured_weight"": 0.18, ""effective_weight"": 0.18, ""weighted_contribution"": 0.09939270973205566}, ""pairwise_recovered_score"": {""raw_score"": 0.5101276636123657, ""normalized_score"": 0.5101276636123657, ""configured_weight"": 0.08, ""effective_weight"": 0.08, ""weighted_contribution"": 0.04081021308898926}}",0,[],,0.61376953125,5.59965705871582,0.431932657957077,0.5035520195960999,0.5521817207336426,0.5101276636123657,stage5_production_aesthetic_target_v2,configs/student_distill_teacher.json,configs/stage5_reference.json
/home/omen_pc1/photo_score_project/data/raw/aadb/images/farm1_283_20180969755_86420b5fa4_b.jpg,train,aadb,farm1_283_20180969755_86420b5fa4_b.jpg,/home/omen_pc1/photo_score_project/data/processed/aadb/train.csv,27,0.567327,5,"[""aadb_score"", ""alamp_score"", ""nima_mean_score"", ""pairwise_recovered_score"", ""rgnet_score""]",[],"{""aadb_score"": {""raw_score"": 0.6650390625, ""normalized_score"": 0.6650390625, ""configured_weight"": 0.28, ""effective_weight"": 0.28, ""weighted_contribution"": 0.1862109375}, ""nima_mean_score"": {""raw_score"": 5.5584917068481445, ""normalized_score"": 0.5064990785386827, ""configured_weight"": 0.24, ""effective_weight"": 0.24, ""weighted_contribution"": 0.12155977884928384}, ""alamp_score"": {""raw_score"": 0.4887215197086334, ""normalized_score"": 0.4887215197086334, ""configured_weight"": 0.22, ""effective_weight"": 0.22, ""weighted_contribution"": 0.10751873433589935}, ""rgnet_score"": {""raw_score"": 0.6179193258285522, ""normalized_score"": 0.6179193258285522, ""configured_weight"": 0.18, ""effective_weight"": 0.18, ""weighted_contribution"": 0.1112254786491394}, ""pairwise_recovered_score"": {""raw_score"": 0.5101467967033386, ""normalized_score"": 0.5101467967033386, ""configured_weight"": 0.08, ""effective_weight"": 0.08, ""weighted_contribution"": 0.04081174373626709}}",0,[],,0.6650390625,5.5584917068481445,0.4887215197086334,0.5423569083213806,0.6179193258285522,0.5101467967033386,stage5_production_aesthetic_target_v2,configs/student_distill_teacher.json,configs/stage5_reference.json
/home/omen_pc1/photo_score_project/data/raw/aadb/images/farm1_350_20003394170_187a2f63b2_b.jpg,train,aadb,farm1_350_20003394170_187a2f63b2_b.jpg,/home/omen_pc1/photo_score_project/data/processed/aadb/train.csv,28,0.651642,5,"[""aadb_score"", ""alamp_score"", ""nima_mean_score"", ""pairwise_recovered_score"", ""rgnet_score""]",[],"{""aadb_score"": {""raw_score"": 0.794921875, ""normalized_score"": 0.794921875, ""configured_weight"": 0.28, ""effective_weight"": 0.28, ""weighted_contribution"": 0.22257812500000002}, ""nima_mean_score"": {""raw_score"": 5.6545090675354, ""normalized_score"": 0.5171676741706001, ""configured_weight"": 0.24, ""effective_weight"": 0.24, ""weighted_contribution"": 0.12412024180094401}, ""alamp_score"": {""raw_score"": 0.6839403510093689, ""normalized_score"": 0.6839403510093689, ""configured_weight"": 0.22, ""effective_weight"": 0.22, ""weighted_contribution"": 0.15046687722206115}, ""rgnet_score"": {""raw_score"": 0.6314297914505005, ""normalized_score"": 0.6314297914505005, ""configured_weight"": 0.18, ""effective_weight"": 0.18, ""weighted_contribution"": 0.11365736246109008}, ""pairwise_recovered_score"": {""raw_score"": 0.5102435350418091, ""normalized_score"": 0.5102435350418091, ""configured_weight"": 0.08, ""effective_weight"": 0.08, ""weighted_contribution"": 0.04081948280334473}}",0,[],,0.794921875,5.6545090675354,0.6839403510093689,0.5355454087257385,0.6314297914505005,0.5102435350418091,stage5_production_aesthetic_target_v2,configs/student_distill_teacher.json,configs/stage5_reference.json
/home/omen_pc1/photo_score_project/data/raw/aadb/images/farm1_477_19639023984_3d64467ce7_b.jpg,train,aadb,farm1_477_19639023984_3d64467ce7_b.jpg,/home/omen_pc1/photo_score_project/data/processed/aadb/train.csv,29,0.586164,5,"[""aadb_score"", ""alamp_score"", ""nima_mean_score"", ""pairwise_recovered_score"", ""rgnet_score""]",[],"{""aadb_score"": {""raw_score"": 0.5859375, ""normalized_score"": 0.5859375, ""configured_weight"": 0.28, ""effective_weight"": 0.28, ""weighted_contribution"": 0.16406250000000003}, ""nima_mean_score"": {""raw_score"": 5.87458610534668, ""normalized_score"": 0.5416206783718533, ""configured_weight"": 0.24, ""effective_weight"": 0.24, ""weighted_contribution"": 0.1299889628092448}, ""alamp_score"": {""raw_score"": 0.7953817248344421, ""normalized_score"": 0.7953817248344421, ""configured_weight"": 0.22, ""effective_weight"": 0.22, ""weighted_contribution"": 0.17498397946357727}, ""rgnet_score"": {""raw_score"": 0.42399144172668457, ""normalized_score"": 0.42399144172668457, ""configured_weight"": 0.18, ""effective_weight"": 0.18, ""weighted_contribution"": 0.07631845951080322}, ""pairwise_recovered_score"": {""raw_score"": 0.5101276636123657, ""normalized_score"": 0.5101276636123657, ""configured_weight"": 0.08, ""effective_weight"": 0.08, ""weighted_contribution"": 0.04081021308898926}}",0,[],,0.5859375,5.87458610534668,0.7953817248344421,0.45806336402893066,0.42399144172668457,0.5101276636123657,stage5_production_aesthetic_target_v2,configs/student_distill_teacher.json,configs/stage5_reference.json
/home/omen_pc1/photo_score_project/data/raw/aadb/images/farm1_368_20090046735_e4f22db90f_b.jpg,train,aadb,farm1_368_20090046735_e4f22db90f_b.jpg,/home/omen_pc1/photo_score_project/data/processed/aadb/train.csv,30,0.492724,5,"[""aadb_score"", ""alamp_score"", ""nima_mean_score"", ""pairwise_recovered_score"", ""rgnet_score""]",[],"{""aadb_score"": {""raw_score"": 0.54248046875, ""normalized_score"": 0.54248046875, ""configured_weight"": 0.28, ""effective_weight"": 0.28, ""weighted_contribution"": 0.15189453125000002}, ""nima_mean_score"": {""raw_score"": 5.468076229095459, ""normalized_score"": 0.4964529143439399, ""configured_weight"": 0.24, ""effective_weight"": 0.24, ""weighted_contribution"": 0.11914869944254557}, ""alamp_score"": {""raw_score"": 0.43865737318992615, ""normalized_score"": 0.43865737318992615, ""configured_weight"": 0.22, ""effective_weight"": 0.22, ""weighted_contribution"": 0.09650462210178375}, ""rgnet_score"": {""raw_score"": 0.4686807692050934, ""normalized_score"": 0.4686807692050934, ""configured_weight"": 0.18, ""effective_weight"": 0.18, ""weighted_contribution"": 0.08436253845691681}, ""pairwise_recovered_score"": {""raw_score"": 0.5101693868637085, ""normalized_score"": 0.5101693868637085, ""configured_weight"": 0.08, ""effective_weight"": 0.08, ""weighted_contribution"": 0.04081355094909668}}",0,[],,0.54248046875,5.468076229095459,0.43865737318992615,0.5026923418045044,0.4686807692050934,0.5101693868637085,stage5_production_aesthetic_target_v2,configs/student_distill_teacher.json,configs/stage5_reference.json
/home/omen_pc1/photo_score_project/data/raw/aadb/images/farm1_373_19573173074_5630263f33_b.jpg,train,aadb,farm1_373_19573173074_5630263f33_b.jpg,/home/omen_pc1/photo_score_project/data/processed/aadb/train.csv,31,0.550751,5,"[""aadb_score"", ""alamp_score"", ""nima_mean_score"", ""pairwise_recovered_score"", ""rgnet_score""]",[],"{""aadb_score"": {""raw_score"": 0.64794921875, ""normalized_score"": 0.64794921875, ""configured_weight"": 0.28, ""effective_weight"": 0.28, ""weighted_contribution"": 0.18142578125000003}, ""nima_mean_score"": {""raw_score"": 5.88320255279541, ""normalized_score"": 0.5425780614217123, ""configured_weight"": 0.24, ""effective_weight"": 0.24, ""weighted_contribution"": 0.13021873474121093}, ""alamp_score"": {""raw_score"": 0.4532814025878906, ""normalized_score"": 0.4532814025878906, ""configured_weight"": 0.22, ""effective_weight"": 0.22, ""weighted_contribution"": 0.09972190856933594}, ""rgnet_score"": {""raw_score"": 0.5476329326629639, ""normalized_score"": 0.5476329326629639, ""configured_weight"": 0.18, ""effective_weight"": 0.18, ""weighted_contribution"": 0.09857392787933349}, ""pairwise_recovered_score"": {""raw_score"": 0.5101313591003418, ""normalized_score"": 0.5101313591003418, ""configured_weight"": 0.08, ""effective_weight"": 0.08, ""weighted_contribution"": 0.04081050872802734}}",0,[],,0.64794921875,5.88320255279541,0.4532814025878906,0.49938181042671204,0.5476329326629639,0.5101313591003418,stage5_production_aesthetic_target_v2,configs/student_distill_teacher.json,configs/stage5_reference.json
/home/omen_pc1/photo_score_project/data/raw/aadb/images/farm1_355_19973741780_d305669631_b.jpg,train,aadb,farm1_355_19973741780_d305669631_b.jpg,/home/omen_pc1/photo_score_project/data/processed/aadb/train.csv,32,0.402413,5,"[""aadb_score"", ""alamp_score"", ""nima_mean_score"", ""pairwise_recovered_score"", ""rgnet_score""]",[],"{""aadb_score"": {""raw_score"": 0.3046875, ""normalized_score"": 0.3046875, ""configured_weight"": 0.28, ""effective_weight"": 0.28, ""weighted_contribution"": 0.08531250000000001}, ""nima_mean_score"": {""raw_score"": 5.199147701263428, ""normalized_score"": 0.46657196680704754, ""configured_weight"": 0.24, ""effective_weight"": 0.24, ""weighted_contribution"": 0.11197727203369141}, ""alamp_score"": {""raw_score"": 0.3533903658390045, ""normalized_score"": 0.3533903658390045, ""configured_weight"": 0.22, ""effective_weight"": 0.22, ""weighted_contribution"": 0.07774588048458099}, ""rgnet_score"": {""raw_score"": 0.4809257686138153, ""normalized_score"": 0.4809257686138153, ""configured_weight"": 0.18, ""effective_weight"": 0.18, ""weighted_contribution"": 0.08656663835048675}, ""pairwise_recovered_score"": {""raw_score"": 0.5101281404495239, ""normalized_score"": 0.5101281404495239, ""configured_weight"": 0.08, ""effective_weight"": 0.08, ""weighted_contribution"": 0.040810251235961915}}",0,[],,0.3046875,5.199147701263428,0.3533903658390045,0.487530916929245,0.4809257686138153,0.5101281404495239,stage5_production_aesthetic_target_v2,configs/student_distill_teacher.json,configs/stage5_reference.json
/home/omen_pc1/photo_score_project/data/raw/aadb/images/farm1_466_20137019910_a63a886522_b.jpg,train,aadb,farm1_466_20137019910_a63a886522_b.jpg,/home/omen_pc1/photo_score_project/data/processed/aadb/train.csv,33,0.492325,5,"[""aadb_score"", ""alamp_score"", ""nima_mean_score"", ""pairwise_recovered_score"", ""rgnet_score""]",[],"{""aadb_score"": {""raw_score"": 0.52734375, ""normalized_score"": 0.52734375, ""configured_weight"": 0.28, ""effective_weight"": 0.28, ""weighted_contribution"": 0.14765625000000002}, ""nima_mean_score"": {""raw_score"": 5.726006507873535, ""normalized_score"": 0.5251118342081705, ""configured_weight"": 0.24, ""effective_weight"": 0.24, ""weighted_contribution"": 0.1260268402099609}, ""alamp_score"": {""raw_score"": 0.47773823142051697, ""normalized_score"": 0.47773823142051697, ""configured_weight"": 0.22, ""effective_weight"": 0.22, ""weighted_contribution"": 0.10510241091251374}, ""rgnet_score"": {""raw_score"": 0.4040605127811432, ""normalized_score"": 0.4040605127811432, ""configured_weight"": 0.18, ""effective_weight"": 0.18, ""weighted_contribution"": 0.07273089230060577}, ""pairwise_recovered_score"": {""raw_score"": 0.51011061668396, ""normalized_score"": 0.51011061668396, ""configured_weight"": 0.08, ""effective_weight"": 0.08, ""weighted_contribution"": 0.0408088493347168}}",0,[],,0.52734375,5.726006507873535,0.47773823142051697,0.5160049200057983,0.4040605127811432,0.51011061668396,stage5_production_aesthetic_target_v2,configs/student_distill_teacher.json,configs/stage5_reference.json
/home/omen_pc1/photo_score_project/data/raw/aadb/images/farm1_397_20020742599_4c32653d64_b.jpg,train,aadb,farm1_397_20020742599_4c32653d64_b.jpg,/home/omen_pc1/photo_score_project/data/processed/aadb/train.csv,34,0.497694,5,"[""aadb_score"", ""alamp_score"", ""nima_mean_score"", ""pairwise_recovered_score"", ""rgnet_score""]",[],"{""aadb_score"": {""raw_score"": 0.50634765625, ""normalized_score"": 0.50634765625, ""configured_weight"": 0.28, ""effective_weight"": 0.28, ""weighted_contribution"": 0.14177734375}, ""nima_mean_score"": {""raw_score"": 5.577367782592773, ""normalized_score"": 0.5085964202880859, ""configured_weight"": 0.24, ""effective_weight"": 0.24, ""weighted_contribution"": 0.12206314086914062}, ""alamp_score"": {""raw_score"": 0.44859811663627625, ""normalized_score"": 0.44859811663627625, ""configured_weight"": 0.22, ""effective_weight"": 0.22, ""weighted_contribution"": 0.09869158565998078}, ""rgnet_score"": {""raw_score"": 0.5241319537162781, ""normalized_score"": 0.5241319537162781, ""configured_weight"": 0.18, ""effective_weight"": 0.18, ""weighted_contribution"": 0.09434375166893005}, ""pairwise_recovered_score"": {""raw_score"": 0.5102314949035645, ""normalized_score"": 0.5102314949035645, ""configured_weight"": 0.08, ""effective_weight"": 0.08, ""weighted_contribution"": 0.040818519592285156}}",0,[],,0.50634765625,5.577367782592773,0.44859811663627625,0.48282283544540405,0.5241319537162781,0.5102314949035645,stage5_production_aesthetic_target_v2,configs/student_distill_teacher.json,configs/stage5_reference.json
